{"cameraMode":{"drawMode":0,"name":"Shaded","section":"Shading Mode"},"sceneLighting":true,"audioPlay":false,"sceneViewState":{"m_AlwaysRefresh":false,"showFog":true,"showSkybox":true,"showFlares":true,"showImageEffects":true,"showParticleSystems":true,"showVisualEffectGraphs":true,"m_FxEnabled":true},"in2DMode":false,"pivot":{"x":6.766695976257324,"y":-3.6438608169555666,"z":-0.897547721862793},"rotation":{"x":-0.39921215176582339,"y":-0.002754963468760252,"z":0.00387873244471848,"w":-0.9175198674201965},"size":8.130592346191407,"orthographic":false}