{"cameraMode":{"drawMode":0,"name":"Shaded","section":"Shading Mode"},"sceneLighting":true,"audioPlay":false,"sceneViewState":{"m_AlwaysRefresh":false,"showFog":true,"showSkybox":true,"showFlares":true,"showImageEffects":true,"showParticleSystems":true,"showVisualEffectGraphs":true,"m_FxEnabled":true},"in2DMode":false,"pivot":{"x":1.5104318857192994,"y":-33.51268005371094,"z":116.1715316772461},"rotation":{"x":0.1578611433506012,"y":-0.017048589885234834,"z":0.004614768549799919,"w":0.9884473085403442},"size":70.71068572998047,"orthographic":false}