{"cameraMode":{"drawMode":0,"name":"Shaded","section":"Shading Mode"},"sceneLighting":true,"audioPlay":false,"sceneViewState":{"m_AlwaysRefresh":false,"showFog":true,"showSkybox":true,"showFlares":true,"showImageEffects":true,"showParticleSystems":true,"showVisualEffectGraphs":true,"m_FxEnabled":true},"in2DMode":false,"pivot":{"x":0.36626487970352175,"y":-0.7260919809341431,"z":-1.4995278120040894},"rotation":{"x":-0.3617657721042633,"y":0.10225377976894379,"z":-0.03927621990442276,"w":-0.9261647462844849},"size":1.988306999206543,"orthographic":false}