{"cameraMode":{"drawMode":0,"name":"Shaded","section":"Shading Mode"},"sceneLighting":true,"audioPlay":false,"sceneViewState":{"m_AlwaysRefresh":false,"showFog":true,"showSkybox":true,"showFlares":true,"showImageEffects":true,"showParticleSystems":true,"showVisualEffectGraphs":true,"m_FxEnabled":true},"in2DMode":false,"pivot":{"x":0.09931866824626923,"y":0.24201762676239015,"z":1.3045597076416016},"rotation":{"x":-0.06687471270561218,"y":0.014088872820138932,"z":0.0000100708175523323,"w":-0.9978994131088257},"size":3.1290149688720705,"orthographic":false}