{"cameraMode":{"drawMode":0,"name":"Shaded","section":"Shading Mode"},"sceneLighting":true,"audioPlay":false,"sceneViewState":{"m_AlwaysRefresh":false,"showFog":true,"showSkybox":true,"showFlares":true,"showImageEffects":true,"showParticleSystems":true,"showVisualEffectGraphs":true,"m_FxEnabled":true},"in2DMode":false,"pivot":{"x":4.4320197105407719,"y":-33.57881546020508,"z":28.06709861755371},"rotation":{"x":0.4075957238674164,"y":-0.0077307503670454029,"z":0.007277403026819229,"w":0.9142718315124512},"size":31.821985244750978,"orthographic":false}