{"cameraMode":{"drawMode":0,"name":"Shaded","section":"Shading Mode"},"sceneLighting":true,"audioPlay":false,"sceneViewState":{"m_AlwaysRefresh":false,"showFog":true,"showSkybox":true,"showFlares":true,"showImageEffects":true,"showParticleSystems":true,"showVisualEffectGraphs":true,"m_FxEnabled":true},"in2DMode":false,"pivot":{"x":11.936817169189454,"y":-45.3950080871582,"z":113.20232391357422},"rotation":{"x":0.20222951471805573,"y":0.018476242199540139,"z":-0.0018838973483070732,"w":0.9803162813186646},"size":70.71068572998047,"orthographic":false}