{"cameraMode":{"drawMode":0,"name":"Shaded","section":"Shading Mode"},"sceneLighting":true,"audioPlay":false,"sceneViewState":{"m_AlwaysRefresh":false,"showFog":true,"showSkybox":true,"showFlares":true,"showImageEffects":true,"showParticleSystems":true,"showVisualEffectGraphs":true,"m_FxEnabled":true},"in2DMode":false,"pivot":{"x":-0.3285481631755829,"y":0.22328171133995057,"z":-4.452723026275635},"rotation":{"x":0.0001231414353242144,"y":-0.9988133311271668,"z":0.04889480024576187,"w":-0.01472207996994257},"size":1.48659086227417,"orthographic":false}