{"cameraMode":{"drawMode":0,"name":"Shaded","section":"Shading Mode"},"sceneLighting":true,"audioPlay":false,"sceneViewState":{"m_AlwaysRefresh":false,"showFog":true,"showSkybox":true,"showFlares":true,"showImageEffects":true,"showParticleSystems":true,"showVisualEffectGraphs":true,"m_FxEnabled":true},"in2DMode":false,"pivot":{"x":3.529829263687134,"y":10.660177230834961,"z":-15.276508331298829},"rotation":{"x":0.17272953689098359,"y":-0.009971489198505879,"z":0.0014240515884011984,"w":0.9861050248146057},"size":2.5495100021362306,"orthographic":false}