{"cameraMode":{"drawMode":0,"name":"Shaded","section":"Shading Mode"},"sceneLighting":true,"audioPlay":false,"sceneViewState":{"m_AlwaysRefresh":false,"showFog":true,"showSkybox":true,"showFlares":true,"showImageEffects":true,"showParticleSystems":true,"showVisualEffectGraphs":true,"m_FxEnabled":true},"in2DMode":false,"pivot":{"x":3.245197057723999,"y":9.840967178344727,"z":-15.673041343688965},"rotation":{"x":0.2589944303035736,"y":-0.041712913662195209,"z":0.010821431875228882,"w":0.9661303758621216},"size":2.5495100021362306,"orthographic":false}