{"cameraMode":{"drawMode":0,"name":"Shaded","section":"Shading Mode"},"sceneLighting":true,"audioPlay":false,"sceneViewState":{"m_AlwaysRefresh":false,"showFog":true,"showSkybox":true,"showFlares":true,"showImageEffects":true,"showParticleSystems":true,"showVisualEffectGraphs":true,"m_FxEnabled":true},"in2DMode":false,"pivot":{"x":13.396934509277344,"y":-5.143246650695801,"z":12.695274353027344},"rotation":{"x":-0.33766886591911318,"y":-0.02418806590139866,"z":0.01113102212548256,"w":-0.9415541887283325},"size":17.183006286621095,"orthographic":false}