{"cameraMode":{"drawMode":0,"name":"Shaded","section":"Shading Mode"},"sceneLighting":true,"audioPlay":false,"sceneViewState":{"m_AlwaysRefresh":false,"showFog":true,"showSkybox":true,"showFlares":true,"showImageEffects":true,"showParticleSystems":true,"showVisualEffectGraphs":true,"m_FxEnabled":true},"in2DMode":false,"pivot":{"x":-0.8461914658546448,"y":-0.575614869594574,"z":-0.14577677845954896},"rotation":{"x":-0.24307267367839814,"y":0.15023298561573029,"z":-0.03720047324895859,"w":-0.9577734470367432},"size":2.402757406234741,"orthographic":false}